ticker,market_cap,total_revenue,ebitda,net_income,roa,roe,debt_to_equity,free_cashflow,trailing_pe,price_to_book,currency,sector,industry,country,price,avg_daily_volume,price_volatility,avg_daily_volume_30d,price_momentum_1m,price_momentum_3m,price_momentum_6m,r_d_expenditure,r_d_intensity,net_margin,operating_margin,scope1_emissions,scope2_emissions,emissions_intensity,renewable_energy_pct,energy_efficiency,employee_turnover,gender_diversity_pct,women_management_pct,injury_rate,safety_training_hours,board_independence_pct,board_diversity_pct,exec_comp_esg_linked,ceo_pay_ratio,shareholder_rights_score,ethics_compliance_score,company_name,beta,free_float_pct,bid_ask_spread,employees,revenue_per_employee,market_share
AAPL,3968587005952,435617005568,152901992448.0,117776998400,0.24377,1.5202099,102.63,106312753152.0,34.135273,45.016674,USD,Technology,Consumer Electronics,US,270.010009765625,53615949.800796814,20.895073653359425,49629750.0,-0.6804883710801235,-0.4157070497765702,33.698225904929615,10887000000.0,2.4992137269307166,27.036822918891986,35.10009721696504,6279.660701109152,227.0092838325042,0.014936641511081811,65.64720294286076,72.41010434605897,2.6128468266443337,62.3616002873691,35.98830705348955,0.6331423719156954,9.795808205369175,70.43816135508477,78.12598505989227,75.16410569090525,48.46140500227097,65.11796303959403,86.01758019230466,AAPL,1.3141953119864345,46.398375449988315,0.026398921839175495,2178085.02784,200000.0,0.9973396644226163
MSFT,3143788658688,305453006848,175258992640.0,119262003200,0.1486,0.34390998,31.539,53640626176.0,26.526941,8.046564,USD,Technology,Software - Infrastructure,US,423.3699951171875,23155561.752988048,35.58192913045785,30412686.666666668,-12.458128408317904,-19.32395591512406,-18.93692933547273,8504000000.0,2.7840616426577767,39.04430486073013,57.37674493648467,2422.6167781632785,322.85691194734363,0.008988173762856627,27.92628017516266,85.99112545626414,4.440779656941851,25.659136871634686,51.77208835543256,1.5563993625021026,9.604016281362375,90.73264140850122,64.62154206898198,58.82970375493214,96.2239188418602,76.52866939318372,92.79504682883167,MSFT,1.350876997728332,59.44079747668307,0.0014485861372039346,1527265.03424,200000.0,8.105758620120083
GOOGL,4162815262720,385476001792,145174003712.0,124250996736,0.16275999,0.3545,11.424,47997751296.0,33.894478,10.729248,USD,Communication Services,Internet Content & Information,US,343.69000244140625,36724015.53784861,16.706459009181778,29106890.0,9.80511260108825,22.1808974833545,82.00306682806959,15151000000.0,3.9304651728164823,32.23313414022721,37.66097060183135,7875.664232736941,106.95391397791926,0.020708416091246372,33.519843842926086,82.72476671592909,3.676527936857108,53.796502232597135,54.4025516059776,0.009200422291350013,5.116879562271872,92.6412711364286,65.6459253321957,75.96115338484795,7.5109377470934975,87.95055814979844,88.07855558469394,GOOGL,0.9311827767795917,96.40120866167567,0.14454219963349102,1927380.00896,200000.0,5.301832153057344
AMZN,2597294964736,691330023424,139696996352.0,76482002944,0.07495,0.24327,43.405,26080000000.0,34.36492,7.0246043,USD,Consumer Cyclical,Internet Retail,US,242.9600067138672,45166440.239043824,24.96577729106225,39010920.0,5.259509143241692,9.019117853570544,13.136208015770512,,0.0,11.063023498560366,20.206991106810698,29276.627622422006,96.01957251995009,0.04248709547195805,18.305940197251882,84.38067295593595,8.228676005298134,40.617089984388464,57.953574026308665,0.10893995535625647,6.190068663447942,75.8247326533555,76.15447143487575,62.913570365741,29.88508057942264,73.88329838361481,54.68660629357187,AMZN,0.9869569150558413,51.4667714640844,0.0977483083988966,3456650.11712,200000.0,8.570960609758247
META,1786903265280,200965996544,101891997696.0,60458000384,0.16212,0.30238,39.164,23432374272.0,30.034437,8.226792,USD,Communication Services,Internet Content & Information,US,706.4099731445312,15676579.6812749,41.17973909091541,17058823.333333332,7.017216501470425,6.079209968043764,-5.672823401782045,57372000000.0,28.548113107004564,30.083696457954357,50.701113346650914,2098.0632534689735,1069.5903320205357,0.01576205864626125,15.994684356919937,82.66101239301327,4.687798325786958,71.88652349010736,31.11673112584909,0.0037958092657078444,9.269865931692518,88.68881112221734,47.950023308294966,37.54972894459616,13.842611638288176,53.46056037487744,68.1741997877223,META,0.5406677492332834,79.07022771675737,0.14367569459094218,1004829.98272,200000.0,2.811961728254741
TSLA,1582813282304,94827003904,10503000064.0,3793999872,0.02095,0.049250003,17.763,3732624896.0,383.46362,19.26337,USD,Consumer Cyclical,Auto Manufacturers,US,421.80999755859375,96602705.97609562,36.51479286099544,65059006.66666666,-6.206084582929716,-4.1558755490269,39.381419804005006,,0.0,4.000969888114287,11.075958990155295,2098.1149223981756,2053.8842476196915,0.04378452565785505,33.89450941121493,65.2188831266775,4.135843972366253,30.482733285012277,14.131711022420014,0.5213164632038758,13.630258605869384,72.7437253411872,82.86290933958739,44.25442847846896,18.453264943845337,69.81083836484545,86.59764190497852,TSLA,1.1542764268053505,78.35037766885374,0.003971637332766473,474135.01952,200000.0,10.258301495499015
NVDA,4519046938624,187141996544,112696000512.0,99198001152,0.53528,1.07359,9.102,53282873344.0,45.829628,37.941536,USD,Technology,Semiconductors,US,185.6100006103516,209946275.69721115,27.901302630705644,160173326.66666666,-0.4772114689803985,-8.511838159535234,6.856323084061522,,0.0,53.0068092592338,60.2195138414607,31850.846019241842,370.0313952640729,0.1721724991559079,70.38803656420683,83.55971003171622,4.842169117526601,65.87408388877161,4.968026974667937,1.1415410050332384,16.638150496179506,81.67736790503079,56.62673140524808,67.74909883479918,166.5798339375525,75.33679279339454,97.87885736106693,NVDA,1.1716172325142433,83.16648992310986,0.18147392606929003,935709.98272,200000.0,5.984236459241293
JPM,838837927936,168235008000,,55680999424,0.01354,0.16134001,,,15.3839245,2.4264712,USD,Financial Services,Banks - Diversified,US,308.1400146484375,9494972.908366531,23.68722524874099,11143650.0,-3.938315828650341,0.0290662021886323,7.486884738243527,,0.0,33.097153848026686,0.0,9425.292946871536,1345.1213048792727,0.06401967319475868,16.708728540810633,69.99772037787169,4.18729759142529,78.00953785269145,54.36352185652187,0.13951467213888674,3.426454386540632,70.40090793652472,72.26799156413975,68.24096838491862,6.035288979220501,84.650584600554,97.98678981462842,JPM,0.9813426949002066,80.60911488066658,0.096633796091396,841175.04,200000.0,5.21724907323416
JNJ,555944837120,94193000448,33059663872.0,26804000768,,0.35557,57.766,,20.920218,7.003673,USD,Healthcare,Drug Manufacturers - General,US,230.75,8826439.442231076,15.898432500573634,8805370.0,11.500364050602109,22.832626929175383,39.79535107302485,3672000000.0,3.898378841883434,28.456467721078027,35.097792526792745,1474.0786375629527,622.6367170807443,0.022259542483294287,36.67500292215611,82.18593977787356,3.6319212741857463,41.41300907111208,35.72527631388807,1.3088845831118594,8.447542850693791,77.54579814377945,78.57688635224872,51.789903513558386,24.6060347820249,93.31657714110275,84.58545884318985,JNJ,1.3373060079611507,73.55858533055658,0.08287271860742522,470965.00224,200000.0,7.12539762869686
V,642048851968,41391001600,28987000832.0,20592001024,0.18364,0.53954,54.612,22032250880.0,31.34648,16.663671,USD,Financial Services,Credit Services,US,333.8399963378906,6613493.625498008,23.372106965445266,7606976.666666667,-4.810240805286082,-3.051545726613858,-1.2553949840526712,,0.0,49.749946191203065,70.0321318921647,6726.700704624201,186.0203905790758,0.16700620477370864,45.860586168165355,77.78882543257616,8.969182880697032,47.233408491097926,22.013572388395644,0.03107995096936032,15.329005250302815,82.36118016654147,23.037409103794754,64.93256633250769,29.1995861845651,95.18529649028818,79.00361755178207,V,0.8997768307060179,71.64278904774068,0.09798005772521859,206955.008,200000.0,8.961375907096592
WMT,989111910400,703060967424,42713001984.0,22909999104,0.06539,0.23661,66.747,10372750336.0,43.226482,10.292019,USD,Consumer Defensive,Discount Stores,US,124.05999755859376,21146806.772908367,20.64120747997829,36926976.66666666,11.354450660328496,21.601180715380952,26.513592157472957,,0.0,3.2586077403701896,6.07529132793412,1487.5317188384392,622.4571101514523,0.0030011420426009298,29.20031555698186,86.94653743327073,3.319073674979957,54.38756112342876,39.49536578598801,1.362364461500059,3.181473742960801,75.55766074391019,72.0560285296037,48.83511977279906,47.87670497643474,36.258985811904076,59.965473164678585,WMT,1.1693817777680802,86.65035948655955,0.199829111693322,3515304.83712,200000.0,6.077212472382778
PG,357964185600,85259001856,24764999680.0,16161999872,0.10898,0.31562,68.719,13253374976.0,22.661242,6.8105636,USD,Consumer Defensive,Household & Personal Products,US,153.19000244140625,8640487.250996016,18.28620689551126,11077316.666666666,7.653099466198476,3.1405627729865992,3.124130742135134,,0.0,18.956355950890856,29.04678584183682,1482.3817586961763,2554.5819777450056,0.04734885818158223,56.32168549497788,66.43595503837363,8.323361436058232,52.74275882629145,37.621206891300055,0.2166412396532692,8.646821069905133,75.0376681434314,38.09551524803881,48.84533517671233,21.72332401620933,84.78497106476013,81.78309211963479,PG,0.6941006983923653,83.5835392715117,0.08841539606919448,426295.00928,200000.0,5.579655163963889
MA,496188489728,32790999040,20544000000.0,14968000512,0.23719999,2.09915,245.288,16265374720.0,33.6792,64.17494,USD,Financial Services,Credit Services,US,555.3699951171875,2882343.027888446,23.77941379696576,3727940.0,-2.5707362566881558,0.4559010285732245,-0.52716595877913,,0.0,45.646674240517434,62.651339091375235,4285.289574303153,386.45241899721134,0.1424659102850585,60.15358919218466,75.43340628652719,2.2177418995595835,24.407674463653333,38.69619927914834,0.05347023069596843,7.381361460125578,80.041574583449,27.764351981384383,66.55189183023641,25.69870063319263,74.06755986067803,72.53565177094988,MA,0.9929343547377285,72.28358429023517,0.0869765940983819,163954.9952,200000.0,4.336655700127051
UNH,258698444800,447567003648,23324999680.0,12056000512,0.039,0.12538,77.08,15929249792.0,14.88223,2.5965323,USD,Healthcare,Healthcare Plans,US,285.5899963378906,12085127.888446216,62.75917561375224,9692223.333333334,-13.486410890073108,-16.603293266158836,21.68231133397212,,0.0,2.6936750059174908,5.2115101180123,169.0305779232152,2637.4620445182845,0.00627053900092628,20.275101374515568,66.3304785667837,7.445913403503246,41.16730258236353,30.692817583473175,0.3326412744497058,9.090872672801794,79.82997053915688,51.0848468844843,19.023424079702224,14.682864683296113,85.89890754388206,95.81972594368327,UNH,0.9476937226291493,90.34829823865269,0.46755022107870525,2237835.01824,200000.0,6.166286416465322
HD,376422793216,166189006848,25586999296.0,14581999616,0.13226,1.62909,544.586,9733999616.0,25.775051,31.051983,USD,Consumer Cyclical,Home Improvement Retail,US,378.1199951171875,3789825.099601594,22.60756950523253,4381966.666666667,9.886657486265094,0.2675774252860918,2.4259017689004736,,0.0,8.774346686683678,15.39632481190673,224.21899964582335,17.39714087329792,0.0014538548081299931,50.298622468430935,92.77501302091156,12.019895420723595,67.61749549241587,48.29038803085383,0.14837928153908594,5.02209906796921,83.69668039785009,82.03339156179858,51.14671583969962,24.91080270584796,77.7613297964744,68.20095784817052,HD,1.0675923766122826,78.2597292207018,0.14135840281196996,830945.03424,200000.0,9.56529281181934
DIS,185230262272,95715999744,19256000512.0,12252000256,0.0435,0.12024,40.909,3158249984.0,15.3829155,1.7360879,USD,Communication Services,Entertainment,US,104.4499969482422,9995197.609561753,29.63456078149706,10757583.333333334,-8.191966221168222,-5.975772800761947,-9.80641986272468,,0.0,12.80036805630087,20.117849224269396,1282.5027305654705,1081.6933460662563,0.02469985564690588,48.73377258176414,93.11923117131288,3.6026448867229197,48.25118656362443,20.21902340006534,0.16764749629583098,3.6045271096574063,82.61754950551301,52.94446632456344,62.5470683006134,15.263222546374704,52.35024745679494,74.43046699664272,DIS,0.8891419213499925,72.50384020083948,0.05839229883345892,478579.99872,200000.0,7.9445904874429765
BAC,394553851904,107421999104,,29055000576,0.00915,0.1019,,,14.181102,1.4055305,USD,Financial Services,Banks - Diversified,US,54.02999877929688,39981033.067729086,21.90698688871684,37561490.0,-1.763638583096594,2.415198905943017,19.60766944139756,,0.0,27.04753292467641,0.0,652.4622737374098,447.84916116188236,0.010242791991257308,36.83934063850606,56.857434458711396,3.356375608820753,75.04396692809014,32.103244141199085,0.1835718935806393,2.8389855492986733,76.82217930367155,72.33518034366232,85.59883453614502,33.02475764614908,72.41028732305315,94.27574550931378,BAC,0.9605582212984997,88.98004461230468,0.12289385376562179,537109.99552,200000.0,4.98975137974007
XOM,583655686144,323904995328,58891001856.0,28843999232,0.04814,0.110810004,16.329,12923750400.0,20.656715,2.2297764,USD,Energy,Oil & Gas Integrated,US,138.39999389648438,16485546.613545816,24.496215179456936,18869436.666666668,15.00747723797904,21.728586398452208,28.520290707914377,,0.0,8.905080084606704,18.18156641775915,4776.0589544504355,281.7981908431511,0.015615200762714505,27.14672889591879,49.96771281378089,4.847486426864885,63.94607751635347,23.994316852099207,0.8123415099827117,12.039488754533153,78.38295404002197,58.71400116154808,82.28914949380075,14.944027641622649,90.98802610566045,59.04407993943431,XOM,1.247814151432452,85.61213271646322,0.04930355950481086,1619524.97664,200000.0,9.694904821667128
CVX,347947499520,744123990016,152239996928.0,49195999232,,0.28639,21.239,,26.248869,1.8458064,USD,Energy,Oil & Gas Integrated,US,174.02999877929688,9207368.924302788,26.533571552698792,11401353.333333334,14.18541735955776,14.625876423033212,17.524841756841948,,0.0,6.611263699607668,20.45895562710276,763.5387578161303,450.38957562034847,0.0016313500416245627,62.87598707165007,55.55742695239623,2.683225810511586,42.66256114793552,46.9288024203947,0.3873535690691302,12.833058903340222,95.47344497002538,42.71506999106635,42.27043877059862,27.158234994985172,78.75634135620602,87.22899166765136,CVX,0.8689707288285348,74.14824163222777,0.025990539120417447,3720619.95008,200000.0,7.736760090461509
CSCO,318616272896,57696002048,15676000256.0,10328999936,0.06646,0.22418,63.228,12405999616.0,31.135136,6.7747626,USD,Technology,Communication Equipment,US,80.63999938964844,20989872.111553784,20.023156947823235,20396920.0,5.246667317883569,11.193944198127516,21.53337714967205,,0.0,17.90245349652966,27.169993932956398,358.3622864400219,37.14827372846731,0.006854958596279425,21.410132933692505,30.673237159354965,3.094731888249185,38.5144804141716,24.892241845440275,0.18648034787672627,8.596392809364383,68.2606601006995,90.2215686496028,75.7027488276802,19.6207906021569,76.59831835818689,74.76523319263033,CSCO,0.5180268697783963,58.1990297481072,0.09084512334188313,288480.01024,200000.00000000003,7.222841674078834
PFE,151580966912,62784999424,24458999808.0,9797000192,0.05189,0.105979994,66.531,14302749696.0,15.5,1.6334784,USD,Healthcare,Drug Manufacturers - General,US,26.65999984741211,52096455.37848605,15.773969546797556,46395473.333333336,8.8617773026193,13.560674835929309,17.428224794172166,2546000000.0,4.055108741510594,15.604046001241228,38.95675723881647,26862.14037885014,309.94465044773085,0.4327729952310247,30.789588717055295,87.1983675681599,13.966565956609765,28.06363397697071,16.216682072139086,0.4712323804772562,5.657181642369079,71.2189990970153,66.97670333552907,69.23535627276378,49.44397451618122,81.22224631067007,87.20901888169227,PFE,1.5248751712616262,83.67548681223565,0.2633621504116234,313924.99712,200000.0,10.729493355200328
ABT,190423629824,44328001536,11492666368.0,6524000256,,0.13158,25.31,,29.411291,3.7337475,USD,Healthcare,Medical Devices,US,109.41000366210938,6914491.2350597605,32.900165216933715,10002463.333333334,-12.232242813682204,-11.795762790520016,-13.227112910314098,,0.0,14.717560074756989,25.926425667230873,2124.5930332871553,619.2661115121742,0.06189760765468664,49.91161039210141,31.201700845018593,8.887974070539245,28.520263259540872,42.038327185814026,0.6296558623240507,3.2820789678366697,98.64564160104058,84.92648549346484,46.9308169867679,19.276466915695153,51.905299142937935,93.667591823071,ABT,1.414436223607146,45.99461084703485,0.26470424058655617,221640.00768,200000.0,8.277309695072029
COST,429910884352,280390991872,13125000192.0,8302000128,0.08524,0.30325,26.968,7170250240.0,51.81166,14.18593,USD,Consumer Defensive,Discount Stores,US,968.3599853515624,2399072.111553785,20.63677403082988,2759610.0,12.44785710195202,5.528783972693008,1.9458605724684164,,0.0,2.960865494491317,4.680963573177712,3298.7282917047705,2376.710941882585,0.020241088897354154,50.764740741563806,53.59705726828938,2.9825966936598265,48.07630235955345,40.964687214802886,0.15915587110402302,9.793047853747094,66.72901944197942,39.60007237061418,83.98293012497173,4.862603652537035,68.42026574257704,76.9774780630125,COST,0.6123211914683144,66.79136732703374,0.041840640377026304,1401954.95936,200000.0,9.34257325103661
AVGO,1569883029504,63886999552,35002998784.0,23125999616,0.09788,0.31048,166.032,25044125696.0,69.41509,5.5910907,USD,Technology,Semiconductors,US,331.1099853515625,26191962.151394423,32.013297142671746,29432836.666666668,-4.33112409349965,-11.880486753011754,15.13023152613231,,0.0,36.19828725432142,54.78892267512072,351.7348837578749,216.60506925844416,0.008895879617481737,63.2552037645849,73.02465324991888,9.10776901918171,46.35741761714483,17.13011448418651,0.26683316697955106,4.261453752754494,68.97962460188931,33.32761987875373,71.36148245605779,55.12135452812529,75.24488255534077,70.3223148392213,AVGO,1.2069123415735583,76.05940864074756,0.07500931924870727,319434.99776,200000.0,10.062940979217334
NFLX,351058788352,45183037440,13659992064.0,10981200896,0.15251,0.42762002,63.782,24817524736.0,32.711464,13.128173,USD,Communication Services,Entertainment,US,82.76000213623047,41064494.82071713,18.411775443625107,45896266.66666666,-11.732081643958724,-24.003672197779125,-28.56896107349387,,0.0,24.303812931085673,30.232566994061745,1317.4138815243557,152.90360291584253,0.03254063974235673,27.001308458665708,59.05680476590286,4.623218680031571,46.55408531131037,54.34066100582755,0.06498947976070027,5.17764690501118,85.98310569941795,68.72202191922578,36.94178493812767,9.731948755205051,65.92363461509706,55.15791477087673,NFLX,0.849107568834597,85.21784760697787,0.023779523818756334,225915.1872,200000.0,3.620806829479818
ADBE,122808868864,23768999936,9242000384.0,7129999872,0.18221001,0.55426,57.266,8805874688.0,17.57819,10.424618,USD,Technology,Software - Application,US,293.3800048828125,4033382.868525896,27.382091578441464,4422480.0,-16.17474411586827,-13.51844908375296,-15.646919154738514,,0.0,29.997054529841872,38.88257986825214,3520.590057673917,220.94008312966878,0.15740555956573588,59.448453789266445,67.05436003586598,6.0439759870445275,64.29873111370306,39.16502607139272,0.09992678386106936,5.5108449519461,85.93147960697985,63.63289359228549,76.07209098146723,11.905338691854636,68.80667131125938,89.29625887231455,ADBE,1.079046164599318,75.66335980084688,0.5433246192014817,118844.99968,200000.0,3.52032627523583
CRM,200691122176,40317001728,11800999936.0,7222000128,0.059499998,0.12184,19.385,14523750400.0,28.183155,3.3085363,USD,Technology,Software - Application,US,210.80999755859372,8021454.581673306,35.652232926546425,8423600.0,-20.422032145120404,-17.728313980091837,-15.642518511833646,,0.0,17.91303871434554,29.27052962820956,530.3353985597605,1210.129359122853,0.04316842807400093,44.4099882274244,34.613616510289866,5.316808308452053,30.03308047663122,29.50444964999688,0.5714668463130851,6.694139131967659,90.02994036643274,56.07842678173598,73.25133193365238,12.471810838731868,89.27294584856617,64.96477864035015,CRM,1.0882672387040482,95.99547360351,0.39695413123243123,201585.00864,200000.0,11.174011366693872
NKE,92050235392,46513000448,3808000000.0,2524000000,0.0502,0.17950001,80.099,2576624896.0,36.36257,6.5328856,USD,Consumer Cyclical,Footwear & Accessories,US,62.18000030517578,16945829.083665337,43.037289413804615,22195260.0,-2.401504946293065,-3.5793918777030864,-15.703326189024711,,0.0,5.426439867756432,8.186958405870245,5237.224846199403,598.5447734209185,0.12546264701838275,43.15452286052192,82.9923671535465,8.758042643771432,45.982380773150965,8.784605928391612,0.10010328074182362,5.055515251689774,55.35801830861652,70.29415316228604,78.93688051513482,60.313169197283685,51.7903722096848,95.69636709995686,NKE,0.9296776599051034,55.38654888838457,0.10484200498860961,232565.00224,200000.0,2.3436217382768834
TMO,218575683584,44556001280,11152000000.0,6704000000,0.05039,0.13024001,73.566,4364624896.0,32.79425,4.0952125,USD,Healthcare,Diagnostics & Research,US,581.77001953125,2304277.290836653,24.616073124928867,2237946.6666666665,0.4003809259373714,4.672159078242988,25.84875643133828,,0.0,15.04623352053194,25.029176047281055,1210.8065237767717,213.639017259966,0.031969062102842165,17.389975745409487,67.62433807531379,6.3307588361409675,48.44900330097195,49.114480073589895,0.37239224986605,7.513710253306218,86.98680674720892,50.754742516951126,59.49332951544367,3.638096585529515,92.54632690983075,74.00001130005364,TMO,0.7648703003240811,59.333257311234654,0.16317554037065765,222780.0064,200000.0,4.0887673348481846
LIN,215773413376,33504000000,13150000128.0,7093000192,0.06989,0.17979999,64.673,3498374912.0,30.75936,5.5642753,USD,Basic Materials,Specialty Chemicals,US,460.1600036621094,2191241.434262948,11.418189463218042,2352260.0,7.919976512938631,7.4305628138849,0.8527979460399404,,0.0,21.1706070678128,39.2490452722063,1924.5729449096953,746.8922415216942,0.07973332894885508,47.32963190712393,60.02725074415509,3.341913753633662,28.553101712555478,40.31791981942019,0.6172954997198428,5.414555821944568,92.5936652515099,39.49844866785222,55.93828641812843,247.20027225250035,92.16511743228581,85.29461640751107,LIN,0.7928376843051221,68.40744140210401,0.1255617603584788,167520.0,200000.0,6.632398235921046
ABBV,398792654848,59643998208,29518999552.0,2348000000,0.09585,1.37961,,20799000576.0,169.65413,-150.92976,USD,Healthcare,Drug Manufacturers - General,US,,,,,,,,,0.0,3.93669115174285,49.49198651816846,1208.8685054800953,453.2723047921537,0.027867228773750072,33.021760050044065,96.4409352737876,2.998833690866516,72.64768639700156,43.701495308737314,0.056515441760235215,10.492770879912102,67.03759977463623,37.268691168416225,67.29957744277148,46.75145822621532,89.78280271223854,52.91966694595535,ABBV,0.7251424253556273,71.44191806692407,0.08993309136890182,298219.99104,200000.0,8.576422987427375
ACN,165446860800,70725558272,12458010624.0,7611100160,0.11125,0.25016,25.694,11122880512.0,22.030554,5.318568,USD,Technology,Information Technology Services,US,,,,,,,,,0.0,10.761456460660005,17.614580822520114,47974.13434151312,1289.969674112499,0.696543211196081,88.30599782370287,59.68443649288645,2.395381602138796,35.05157941862661,4.7431014479363975,0.4188694362840734,12.373182846602582,87.95416594073909,62.12517823701297,45.6445930964169,24.01289868785751,40.52903851815003,78.98028450993169,ACN,0.7504533375308666,76.15363433730968,0.005482372639196747,353627.79136,200000.00000000003,6.647124284228197
DHR,157935583232,24568000512,7136999936.0,3600000000,0.03641,0.07053,35.055,4317624832.0,44.417492,3.0063512,USD,Healthcare,Diagnostics & Research,US,,,,,,,,,0.0,14.653207118917209,29.049982852751903,2921.212833289627,173.73589257701911,0.12596966345273225,24.175326884291334,95.3643459413969,8.204548371289883,47.49010509078542,33.86109601212017,0.14823548004624207,7.801151398659267,71.63643503776456,38.28702309470135,61.100418673362064,19.22256404145652,65.6609778004742,89.70019021822336,DHR,0.9798465129851934,98.46940487010268,0.060653717879045194,122840.00256,200000.0,7.303249496749211
VZ,188120367104,138190995456,47608000512.0,17173999616,0.04636,0.17069,171.781,14933125120.0,10.987685,1.8008963,USD,Communication Services,Telecom Services,US,,,,,,,,,0.0,12.427726972607415,34.45087022848633,609.9845363292711,272.2730502786315,0.006384288639126072,24.464119079774633,53.944704341194004,6.981041962851458,46.78493317937518,52.501309659775316,1.647431485903963,9.312086385044767,81.20199421048196,78.83497501675689,59.32883424502796,25.2403337308653,89.46574277931063,73.1470072233107,VZ,0.7852720032667745,68.95631247441388,0.11232727809391317,690954.97728,200000.0,4.834102912689911
WFC,289643331584,80041000960,,20284999680,0.01047,0.11732,,,14.739615,1.7345941,USD,Financial Services,Banks - Diversified,US,,,,,,,,,0.0,25.343260874682592,0.0,10237.547502043235,252.0103646530978,0.1310506701592625,51.76193548895056,48.67083537496914,11.622556170521259,49.398123080372336,42.160116566948815,0.33038418566340355,21.304705734412305,58.87752284624291,68.90113852568896,62.295431401052525,30.474733873230722,88.24980195429784,71.22385096045114,WFC,1.204615619713786,46.603409604274354,0.11317501750976329,400205.0048,200000.0,16.07443205088236
CMCSA,116619059200,123706998784,36879998976.0,19997999104,0.04795,0.2141,101.603,6278125056.0,5.489796,1.1102773,USD,Communication Services,Telecom Services,US,,,,,,,,,0.0,16.165616578345524,29.812378716255772,477.5813562760199,69.67085368563448,0.004423741515026709,11.769761301359463,88.37660391628252,6.455976193900462,58.78300399206439,34.37656657720946,0.8199293587176796,4.111131815793189,76.38247380793565,72.51871939753734,69.00572148584718,33.65536466390857,82.39748146290763,74.06947861876685,CMCSA,1.4461738466007783,74.94662242425407,0.04670043211463479,618534.99392,200000.0,6.167982052981139
NEE,179791691776,27412000768,15228000256.0,6834999808,0.025710002,0.083739996,143.833,-14304124928.0,26.320124,3.302475,USD,Utilities,Utilities - Regulated Electric,US,,,,,,,,,0.0,24.934333928587172,55.55231223317614,4077.728582950675,575.5604907124632,0.1697475264763812,31.274317400152814,58.3987365990651,6.555787528348475,30.303110508653745,33.89329293030111,0.3995056249968056,3.987904677013542,90.61681788154958,80.52911361399254,47.78538738236634,31.327101101507914,69.77876366924814,73.5387394716318,NEE,0.8259840275889871,67.37280772955202,0.2842015744951548,137060.00384,200000.0,8.644959295197877
PM,280101584896,39992000512,17959999488.0,8600999936,0.14938,,,7741749760.0,25.632479,-25.665382,USD,Consumer Defensive,Tobacco,US,,,,,,,,,0.0,21.506800924897927,44.90897994115329,157.66851364102834,551.8445126499523,0.01774093009295688,39.048630080681285,81.16414081413805,3.3345984058223377,40.18104427188017,34.77852713226491,0.022191524639933062,10.459377562242645,78.34586200922485,63.8182871014133,87.5847208233184,21.57779000122972,73.1029110818151,82.28654955645047,PM,1.071821350160613,92.61534111619773,0.018315033882305844,199960.00256,200000.0,3.760794763137787
TXN,204449267712,17681999872,8057999872.0,5000999936,0.1095,0.30148,86.327,-172875008.0,41.28624,12.540965,USD,Technology,Semiconductors,US,,,,,,,,,0.0,28.282999503462502,45.57176750555289,406.555693365458,405.91190283730384,0.045946253581625414,43.482849759723344,87.13233678974095,13.35560684591405,79.97255646330204,51.4496502507054,0.5014029917871762,19.555790244270398,87.5941694626711,46.81056372805548,79.23292748802957,17.152248343303167,74.40836663022696,79.18112832905663,TXN,1.14990553309088,72.86428847113501,0.06938663315181398,88409.99936,200000.0,5.763048108066647
RTX,269615824896,88603000832,15121000448.0,6732000256,0.040209997,0.109519996,58.843,7167499776.0,40.460766,4.1450744,USD,Industrials,Aerospace & Defense,US,,,,,,,,,0.0,7.597937082023367,17.06601391150499,4004.9719422746944,304.4465201244938,0.04863683831354496,16.03208773618571,85.77605028770215,3.3180853014040284,37.76046135696286,40.52804809200386,1.5121002600623663,6.486679192048661,64.38921282842298,35.19574613034779,67.41497854435696,17.796136320256014,56.38840457488139,41.6017621641732,RTX,1.1416006812757824,61.127288926925786,0.11740385921414738,443015.00416,200000.0,10.737457406264873
RELIANCE.NS,19447515447296,10245479858176,1684509949952.0,832110002176,,,35.651,,23.382689,2.2173362,INR,Energy,Oil & Gas Refining & Marketing,IN,,,,,,,,,0.0,8.12172795900787,16.441493939473645,9024.51344641406,73.81449411457659,0.000888033276961137,56.595979711968326,62.843798396202075,5.997402498751814,44.13207323226549,28.82690954851427,0.46016421137691227,17.521293647489916,84.8999602959318,59.779465638536266,36.19444444883847,17.185626669600772,77.78259585286376,87.55458019228278,RELIANCE.NS,1.0227865803748262,58.10599910225319,0.11944707782097186,51227399.29088,200000.0,3.4347391555578377
TCS.NS,11669417754624,2608020062208,682080010240.0,477160013824,0.22512,0.42635,9.444,361180004352.0,24.460033,10.280595,INR,Technology,Information Technology Services,IN,,,,,,,,,0.0,18.295872057825626,26.153173440795463,3854.715263976941,243.52646262152075,0.0015713990143656328,68.2645504003499,76.01322772949104,9.84301503666414,53.65974674109458,26.77235940480225,0.8551511073538646,7.754062188477031,85.71629497814874,38.32302088076997,78.59485590167185,49.75027929176418,75.25895154408298,79.04381962139414,TCS.NS,1.2228047255079166,77.98785684899944,0.1045940970982072,13040100.31104,200000.0,0.9148853254012601
HDFCBANK.NS,14598610616320,2845330898944,,745100869632,0.01749,0.14015001,,,21.162169,2.5844433,INR,Financial Services,Banks - Regional,IN,,,,,,,,,0.0,26.186791487363827,0.0,2506.2116179843215,267.399175205981,0.0009747934131057556,39.22706373914314,77.83877583330863,3.8314944501997528,58.07407981785385,23.27956341211167,1.0779732650770166,5.2569781159070805,60.684491012491215,39.44077981436442,50.9330122520548,32.29283496217316,76.5734998935128,83.56975416206308,HDFCBANK.NS,1.1446746858041972,73.24221981856414,0.03219812389614336,14226654.49472,200000.0,7.072052623618116
INFY.NS,6699663491072,19847000064,4380499968.0,3206000128,0.15672,0.32683,10.531,705742831616.0,23.472713,7.913532,INR,Technology,Information Technology Services,IN,,,,,,,,,0.0,16.15357544042783,22.071345562928094,1897.5985726498416,154.04846750148997,0.10336794808221397,4.833783642090605,33.71276707155157,5.705703172081859,45.90355562302856,24.60292903068532,0.12943703291825012,4.502594587771845,62.32309852972442,36.66841380911177,91.32004369021354,1.9111193017407369,94.46129834332902,75.59663685969427,INFY.NS,0.6287012733018107,75.61339698972074,0.016984756397095728,99235.00032,200000.0,4.392540810899315
HINDUNILVR.NS,5565242146816,642430009344,142029996032.0,108889997312,0.10227,0.21819,3.611,111142502400.0,51.00345,11.42138,INR,Consumer Defensive,Household & Personal Products,IN,,,,,,,,,0.0,16.949705917877353,22.108244317078228,324.47776547166234,332.43925311319794,0.0010225487391333308,80.26907136523329,74.14284702112457,3.460537396669457,59.85417845977167,27.452012094044402,0.11915704709007788,10.12195465001415,75.03692335031154,40.34942217535642,56.69384037839943,33.94428897749263,74.24910811434198,90.44301357686062,HINDUNILVR.NS,1.260746819316782,61.34585621000211,0.10104374874923897,3212150.04672,200000.0,7.1232483270084055
ICICIBANK.NS,9940466925568,1924702535680,,529548541952,0.02142,0.16798,,,18.987566,2.8498716,INR,Financial Services,Banks - Regional,IN,,,,,,,,,0.0,27.51326670668669,0.0,1012.5565886138933,655.1479108130877,0.0008664734430582208,78.88610468040604,86.05380031959957,7.7819766208672085,51.84968049751673,51.29669492105617,0.47206353235476517,4.676362041619431,72.75308725325583,65.53745540896176,49.26177720209473,23.47154780159173,76.1579001325902,53.2768888443298,ICICIBANK.NS,1.2661872511800225,80.18389064933555,0.0914547542460641,9623512.6784,200000.0,4.44844748499883
SBIN.NS,9823222497280,3571947143168,,807924203520,0.011460001,0.15675999,,,11.83628,1.7254544,INR,Financial Services,Banks - Regional,IN,,,,,,,,,0.0,22.618593476818443,0.0,1493.7452616540095,3879.3507318104394,0.0015042480400342517,22.7706688321513,88.39357923009385,9.030773452507615,34.53978643202784,22.85051746339844,0.26468871616678863,7.695520615853804,79.90831117556203,42.32579664749673,58.90434050835598,19.78715509968122,78.84121586630245,94.85927751928077,SBIN.NS,0.7710141687464256,91.80775351909037,0.019766589364657375,17859735.71584,200000.0,5.758459946776328
BHARTIARTL.NS,12166497304576,1946135035904,996800987136.0,385425997824,0.07565,0.33018002,129.719,381545512960.0,31.07671,9.825703,INR,Communication Services,Telecom Services,IN,,,,,,,,,0.0,19.804689331075405,51.2195181087717,14554.90514753766,497.4491674498905,0.007734482090300321,48.30762766927607,84.51055258773465,3.2607049380823834,35.4250578470252,25.585530439164963,0.9158574910844619,16.30925132390804,58.12598315497562,73.32016814403777,54.895235137846875,14.71967799216063,65.74576128980594,85.60964677279928,BHARTIARTL.NS,1.0113813506342806,45.5892767987513,0.12212517138184886,9730675.17952,200000.0,4.961665131483642
KOTAKBANK.NS,4135335755776,765436690432,,187974991872,,,,,22.0,2.4603112,INR,Financial Services,Banks - Regional,IN,,,,,,,,,0.0,24.55787581411991,0.0,4991.179004841438,549.5284071497385,0.007238613255200557,77.74683657170122,75.18432075399782,1.8402158697520397,55.12841748009068,35.82309306049058,1.151408176856428,6.338294991934171,52.61240215677099,71.97490100995722,57.74774751231221,49.36739450371441,88.49359270946938,69.79124157890685,KOTAKBANK.NS,1.2049986978433207,58.31558781842553,0.06072851152877793,3827183.45216,200000.0,5.987986810796255
ITC.NS,3967380619264,798087184384,269900972032.0,203762597888,,,0.507,,19.4622,5.5839667,INR,Consumer Defensive,Tobacco,IN,,,,,,,,,0.0,25.53137074181604,33.8184821549693,211.75707964582372,368.95139004986623,0.0007276244418327112,33.0621152180787,86.05401987456005,0.8058820835130507,41.5230102554147,20.924468107122692,0.21803023921175735,14.253532023807612,74.11161899714241,60.12684804736354,47.7571829639393,42.86352236465275,84.17995684805814,73.62563769008099,ITC.NS,0.9372058541261915,70.98251859967523,0.11018994603112152,3990435.92192,200000.0,5.801548336128938
LT.NS,5555819642880,2827686510592,333417840640.0,171246305280,,,111.847,,31.595087,5.480136,INR,Industrials,Engineering & Construction,IN,,,,,,,,,0.0,6.056056944026237,11.791188287353544,4847.051951620738,40.34528525390317,0.0017284078309810914,54.811828254761394,65.87121830756479,3.890790671512496,61.2670132914329,26.273712853153597,0.13516380730422153,4.0258185438920195,83.51403703852422,67.53265912426498,68.96473999844326,10.823263721064318,92.12607709831666,82.5562340673759,LT.NS,1.3218934143298036,90.94787671510474,0.18162596409227905,14138432.55296,200000.0,10.305420624997101
AXISBANK.NS,4213857320960,768435683328,,262573506560,0.01563,0.13625,,,16.106888,2.0341861,INR,Financial Services,Banks - Regional,IN,,,,,,,,,0.0,34.169874233693385,0.0,1673.0048155512277,390.79508739831317,0.0026857123660618204,24.660849351514095,94.12778144812646,5.761310260938519,37.804000196791584,31.012700640417883,0.7582596478962244,5.657858418594708,81.59249302126564,52.09030336464742,68.00558361717489,27.816846592677948,81.02034891413908,89.22216283106141,AXISBANK.NS,1.7091617483858084,93.75951877700453,0.018600243722230122,3842178.41664,200000.0,3.043333087532411
ASIANPAINT.NS,2325549678592,346495287296,58500173824.0,38453600256,,,17.609,,60.48367,11.87237,INR,Basic Materials,Specialty Chemicals,IN,,,,,,,,,0.0,11.097871072384976,16.88339667778083,1079.892739103316,433.66669359079145,0.004368183695431995,50.77412943752717,86.19130919985592,10.074531538509726,68.08191903353091,21.68713240580667,0.16065806136708288,3.6562132727675256,69.55155439054745,63.113036200293294,39.894297318211606,9.231989868820088,97.36434064827229,80.10432385924133,ASIANPAINT.NS,0.7642041902095054,62.14667491655871,0.0019330504120641035,1732476.43648,200000.0,6.763956608410541
MARUTI.NS,4647498547200,1717736046592,195117498368.0,149315993600,,,0.1,,31.141634,4.659414,INR,Consumer Cyclical,Auto Manufacturers,IN,,,,,,,,,0.0,8.692604075943096,11.358991898383598,7461.520055716536,7753.429456482368,0.008857554503109455,36.19738528736763,68.08863617407889,6.454291787208707,64.0188292437628,56.563894214978006,0.8647144627595175,7.66372668607965,44.22295537064656,26.46524761002413,74.60710562133482,6.661238766077802,96.01638502510049,94.05003184107353,MARUTI.NS,0.5856866190538675,94.72116064501238,0.1510056877070906,8588680.23296,199999.99999999997,5.0067162074794105
TITAN.NS,3609032392704,679039991808,65019998208.0,41289998336,0.08519,0.36639,223.018,-59323748352.0,87.21543,28.18039,INR,Consumer Cyclical,Luxury Goods,IN,,,,,,,,,0.0,6.0806430893800485,9.575282603735738,13995.614139186917,320.27078537532395,0.021082504734279844,40.32514365588403,69.18994985802041,5.58246588211022,28.169775406669707,22.970171821513738,0.2755966503777051,10.91392055831178,64.04763311012944,65.15259151360165,56.14805235714621,12.165769388715159,81.1840850056331,80.41244833056675,TITAN.NS,1.0911455786814628,94.88200768551178,0.09408330077192398,3395199.95904,200000.0,10.7788948378472
ULTRACEMCO.NS,3703193468928,857753780224,159545294848.0,76649201664,,,33.192,,48.2875,5.141107,INR,Basic Materials,Building Materials,IN,,,,,,,,,0.0,8.936037757126908,18.60036044450136,12051.207949595015,579.3210479141717,0.01472510476037308,52.663645212802244,74.2836578978767,8.056944016371338,23.493963735148906,30.626208677153876,0.5506327516026851,7.672124335142344,83.69128874565767,84.62914741111437,46.56735904811211,40.04143439699823,95.51128337274734,79.9775278099951,ULTRACEMCO.NS,1.216468751537843,85.067439891871,0.12027720908780011,4288768.90112,200000.00000000003,8.936875933855351
NESTLEIND.NS,2522235273216,218577698816,47477198848.0,32616699904,,,10.753,,77.48816,56.879456,INR,Consumer Defensive,Packaged Foods,IN,,,,,,,,,0.0,14.92224507837688,21.72097112613789,846.5537659637657,386.9694991483632,0.0056433827806364216,43.81552670533419,78.3198341098169,7.448104374089707,59.24064202554919,10.141880518481274,0.0502060086455629,13.64707250300661,90.59561638897469,54.764959010068516,63.397481951213805,43.05593293242367,78.04760277108288,56.291256652958324,NESTLEIND.NS,0.9307400878465693,75.50842884320419,0.18211160373501087,1092888.49408,199999.99999999997,9.942411690525052
SUNPHARMA.NS,4083907821568,568090886144,160245776384.0,109152698368,,,6.675,,37.343132,5.2459145,INR,Healthcare,Drug Manufacturers - Specialty & Generic,IN,,,,,,,,,0.0,19.21394992074066,28.207771026163027,1874.6578396334576,99.24448535567046,0.0034746180558698964,59.37093182809694,87.23213513179759,4.913615175876769,43.626930064387295,39.63876663351204,0.4888960345326871,5.080503544877618,48.19929163107833,61.47910623795878,64.04533033567076,30.27942188487884,64.99820847616317,93.93536213328767,SUNPHARMA.NS,1.4359781989963103,74.75344396556586,0.16235922887795354,2840454.43072,200000.0,14.429384147731266
BAJFINANCE.NS,5995044012032,406392995840,,183010803712,0.0399,0.1909,310.294,,32.735916,5.8030663,INR,Financial Services,Credit Services,IN,,,,,,,,,0.0,45.03296207990079,0.0,4899.532871000164,1589.8379589615308,0.015968175948437493,48.563191515375756,94.87357819864349,2.8655717165086947,71.41498718560278,48.96383233506657,0.3005280689813925,8.270304902400389,91.827798358629,50.50812872961175,27.689221395805685,35.87628992311494,52.1097395933304,84.91186901969702,BAJFINANCE.NS,0.5984182600830255,72.2787861533369,0.3242148211508191,2031964.9792,200000.0,8.871437523183614
WIPRO.NS,2542386020352,908918980608,168559001600.0,132651999232,0.06766,0.15195,22.031,110000873472.0,19.230587,2.8347661,INR,Technology,Information Technology Services,IN,,,,,,,,,0.0,14.594480043013908,18.544997430601175,12878.540663084048,994.5791066010512,0.01526330157293386,14.203699456437956,64.42668352404965,8.414425118282988,62.21696459539409,8.563025132005588,0.4416800520333024,5.676105454789197,86.72306032639267,41.7613866473489,88.24810586283868,30.354434828842425,88.00984303831947,79.24508589585687,WIPRO.NS,1.2078755869094833,60.2846224029355,0.07677308202762632,4544594.90304,200000.0,2.3856159966333665
